market,channel,region,category,subcategory,brand,variant,packtype,ppg,packsize,salesvalue,d1,volume,pool_key,pool_combinations
UK,Iceland,AllRegion,Beans,AllSubCategory,HEINZ Standard,Standard,AllPackType,Small Multi,AllPackSize,100032.7,99.66278309,49804.2,channel_Iceland,"Iceland_Small_Multi_Standard_BRANSTON, Iceland_Small_Multi_Standard_HEINZ_Standard, Iceland_Small_SNAP_POTS_Standard_HEINZ_Standard, Iceland_Small_Single_Standard_HEINZ_Standard, Iceland_Standard_Multi_Standard_BRANSTON, Iceland_Standard_Multi_Standard_HEINZ_Standard, Iceland_Standard_Single_Standard_BRANSTON, Iceland_Standard_Single_Standard_HEINZ_Standard, Iceland_Standard_Single_Standard_Restofcategory"
UK,Iceland,AllRegion,Beans,AllSubCategory,HEINZ Standard,Standard,AllPackType,Small Multi,AllPackSize,64637.24,98.72443921,30287.4,channel_Iceland,"Iceland_Small_Multi_Standard_BRANSTON, Iceland_Small_Multi_Standard_HEINZ_Standard, Iceland_Small_SNAP_POTS_Standard_HEINZ_Standard, Iceland_Small_Single_Standard_HEINZ_Standard, Iceland_Standard_Multi_Standard_BRANSTON, Iceland_Standard_Multi_Standard_HEINZ_Standard, Iceland_Standard_Single_Standard_BRANSTON, Iceland_Standard_Single_Standard_HEINZ_Standard, Iceland_Standard_Single_Standard_Restofcategory"
UK,Iceland,AllRegion,Beans,AllSubCategory,HEINZ Standard,Standard,AllPackType,Small Multi,AllPackSize,76123.22,98.82867876,26700.6,channel_Iceland,"Iceland_Small_Multi_Standard_BRANSTON, Iceland_Small_Multi_Standard_HEINZ_Standard, Iceland_Small_SNAP_POTS_Standard_HEINZ_Standard, Iceland_Small_Single_Standard_HEINZ_Standard, Iceland_Standard_Multi_Standard_BRANSTON, Iceland_Standard_Multi_Standard_HEINZ_Standard, Iceland_Standard_Single_Standard_BRANSTON, Iceland_Standard_Single_Standard_HEINZ_Standard, Iceland_Standard_Single_Standard_Restofcategory"
UK,Iceland,AllRegion,Beans,AllSubCategory,BRANSTON,Standard,AllPackType,Standard Multi,AllPackSize,170369.15,76.91820723,186433.56,channel_Iceland,"Iceland_Small_Multi_Standard_BRANSTON, Iceland_Small_Multi_Standard_HEINZ_Standard, Iceland_Small_SNAP_POTS_Standard_HEINZ_Standard, Iceland_Small_Single_Standard_HEINZ_Standard, Iceland_Standard_Multi_Standard_BRANSTON, Iceland_Standard_Multi_Standard_HEINZ_Standard, Iceland_Standard_Single_Standard_BRANSTON, Iceland_Standard_Single_Standard_HEINZ_Standard, Iceland_Standard_Single_Standard_Restofcategory"
UK,Iceland,AllRegion,Beans,AllSubCategory,BRANSTON,Standard,AllPackType,Standard Multi,AllPackSize,88756.2,76.1768149,88715.8,channel_Iceland,"Iceland_Small_Multi_Standard_BRANSTON, Iceland_Small_Multi_Standard_HEINZ_Standard, Iceland_Small_SNAP_POTS_Standard_HEINZ_Standard, Iceland_Small_Single_Standard_HEINZ_Standard, Iceland_Standard_Multi_Standard_BRANSTON, Iceland_Standard_Multi_Standard_HEINZ_Standard, Iceland_Standard_Single_Standard_BRANSTON, Iceland_Standard_Single_Standard_HEINZ_Standard, Iceland_Standard_Single_Standard_Restofcategory"
UK,Iceland,AllRegion,Beans,AllSubCategory,BRANSTON,Standard,AllPackType,Standard Multi,AllPackSize,105835.8,78.32292617,111832.42,channel_Iceland,"Iceland_Small_Multi_Standard_BRANSTON, Iceland_Small_Multi_Standard_HEINZ_Standard, Iceland_Small_SNAP_POTS_Standard_HEINZ_Standard, Iceland_Small_Single_Standard_HEINZ_Standard, Iceland_Standard_Multi_Standard_BRANSTON, Iceland_Standard_Multi_Standard_HEINZ_Standard, Iceland_Standard_Single_Standard_BRANSTON, Iceland_Standard_Single_Standard_HEINZ_Standard, Iceland_Standard_Single_Standard_Restofcategory"
UK,Iceland,AllRegion,Beans,AllSubCategory,BRANSTON,Standard,AllPackType,Standard Multi,AllPackSize,96829.58,77.90909488,106120.3,channel_Iceland,"Iceland_Small_Multi_Standard_BRANSTON, Iceland_Small_Multi_Standard_HEINZ_Standard, Iceland_Small_SNAP_POTS_Standard_HEINZ_Standard, Iceland_Small_Single_Standard_HEINZ_Standard, Iceland_Standard_Multi_Standard_BRANSTON, Iceland_Standard_Multi_Standard_HEINZ_Standard, Iceland_Standard_Single_Standard_BRANSTON, Iceland_Standard_Single_Standard_HEINZ_Standard, Iceland_Standard_Single_Standard_Restofcategory"
UK,Iceland,AllRegion,Beans,AllSubCategory,BRANSTON,Standard,AllPackType,Standard Multi,AllPackSize,82888.99,77.47137343,90842.88,channel_Iceland,"Iceland_Small_Multi_Standard_BRANSTON, Iceland_Small_Multi_Standard_HEINZ_Standard, Iceland_Small_SNAP_POTS_Standard_HEINZ_Standard, Iceland_Small_Single_Standard_HEINZ_Standard, Iceland_Standard_Multi_Standard_BRANSTON, Iceland_Standard_Multi_Standard_HEINZ_Standard, Iceland_Standard_Single_Standard_BRANSTON, Iceland_Standard_Single_Standard_HEINZ_Standard, Iceland_Standard_Single_Standard_Restofcategory"
UK,Iceland,AllRegion,Beans,AllSubCategory,BRANSTON,Standard,AllPackType,Standard Multi,AllPackSize,90065.81,77.13956039,85639.98,channel_Iceland,"Iceland_Small_Multi_Standard_BRANSTON, Iceland_Small_Multi_Standard_HEINZ_Standard, Iceland_Small_SNAP_POTS_Standard_HEINZ_Standard, Iceland_Small_Single_Standard_HEINZ_Standard, Iceland_Standard_Multi_Standard_BRANSTON, Iceland_Standard_Multi_Standard_HEINZ_Standard, Iceland_Standard_Single_Standard_BRANSTON, Iceland_Standard_Single_Standard_HEINZ_Standard, Iceland_Standard_Single_Standard_Restofcategory"
UK,Iceland,AllRegion,Beans,AllSubCategory,BRANSTON,Standard,AllPackType,Standard Multi,AllPackSize,82973.26,76.92908315,70776.66,channel_Iceland,"Iceland_Small_Multi_Standard_BRANSTON, Iceland_Small_Multi_Standard_HEINZ_Standard, Iceland_Small_SNAP_POTS_Standard_HEINZ_Standard, Iceland_Small_Single_Standard_HEINZ_Standard, Iceland_Standard_Multi_Standard_BRANSTON, Iceland_Standard_Multi_Standard_HEINZ_Standard, Iceland_Standard_Single_Standard_BRANSTON, Iceland_Standard_Single_Standard_HEINZ_Standard, Iceland_Standard_Single_Standard_Restofcategory"
UK,Iceland,AllRegion,Beans,AllSubCategory,BRANSTON,Standard,AllPackType,Standard Multi,AllPackSize,78237.24,76.20307645,73894.3,channel_Iceland,"Iceland_Small_Multi_Standard_BRANSTON, Iceland_Small_Multi_Standard_HEINZ_Standard, Iceland_Small_SNAP_POTS_Standard_HEINZ_Standard, Iceland_Small_Single_Standard_HEINZ_Standard, Iceland_Standard_Multi_Standard_BRANSTON, Iceland_Standard_Multi_Standard_HEINZ_Standard, Iceland_Standard_Single_Standard_BRANSTON, Iceland_Standard_Single_Standard_HEINZ_Standard, Iceland_Standard_Single_Standard_Restofcategory"
UK,Iceland,AllRegion,Beans,AllSubCategory,BRANSTON,Standard,AllPackType,Standard Multi,AllPackSize,75099.22,75.64420896,70893.92,channel_Iceland,"Iceland_Small_Multi_Standard_BRANSTON, Iceland_Small_Multi_Standard_HEINZ_Standard, Iceland_Small_SNAP_POTS_Standard_HEINZ_Standard, Iceland_Small_Single_Standard_HEINZ_Standard, Iceland_Standard_Multi_Standard_BRANSTON, Iceland_Standard_Multi_Standard_HEINZ_Standard, Iceland_Standard_Single_Standard_BRANSTON, Iceland_Standard_Single_Standard_HEINZ_Standard, Iceland_Standard_Single_Standard_Restofcategory"
UK,Iceland,AllRegion,Beans,AllSubCategory,BRANSTON,Standard,AllPackType,Standard Multi,AllPackSize,79771.62,92.30182546,67123.56,channel_Iceland,"Iceland_Small_Multi_Standard_BRANSTON, Iceland_Small_Multi_Standard_HEINZ_Standard, Iceland_Small_SNAP_POTS_Standard_HEINZ_Standard, Iceland_Small_Single_Standard_HEINZ_Standard, Iceland_Standard_Multi_Standard_BRANSTON, Iceland_Standard_Multi_Standard_HEINZ_Standard, Iceland_Standard_Single_Standard_BRANSTON, Iceland_Standard_Single_Standard_HEINZ_Standard, Iceland_Standard_Single_Standard_Restofcategory"
UK,Iceland,AllRegion,Beans,AllSubCategory,BRANSTON,Standard,AllPackType,Standard Multi,AllPackSize,75158.58,93.19666507,63118.68,channel_Iceland,"Iceland_Small_Multi_Standard_BRANSTON, Iceland_Small_Multi_Standard_HEINZ_Standard, Iceland_Small_SNAP_POTS_Standard_HEINZ_Standard, Iceland_Small_Single_Standard_HEINZ_Standard, Iceland_Standard_Multi_Standard_BRANSTON, Iceland_Standard_Multi_Standard_HEINZ_Standard, Iceland_Standard_Single_Standard_BRANSTON, Iceland_Standard_Single_Standard_HEINZ_Standard, Iceland_Standard_Single_Standard_Restofcategory"
UK,Iceland,AllRegion,Beans,AllSubCategory,BRANSTON,Standard,AllPackType,Standard Multi,AllPackSize,79882.16,94.11860842,75629.42,channel_Iceland,"Iceland_Small_Multi_Standard_BRANSTON, Iceland_Small_Multi_Standard_HEINZ_Standard, Iceland_Small_SNAP_POTS_Standard_HEINZ_Standard, Iceland_Small_Single_Standard_HEINZ_Standard, Iceland_Standard_Multi_Standard_BRANSTON, Iceland_Standard_Multi_Standard_HEINZ_Standard, Iceland_Standard_Single_Standard_BRANSTON, Iceland_Standard_Single_Standard_HEINZ_Standard, Iceland_Standard_Single_Standard_Restofcategory"
UK,Iceland,AllRegion,Beans,AllSubCategory,BRANSTON,Standard,AllPackType,Standard Multi,AllPackSize,68769.31,93.78185524,65142.44,channel_Iceland,"Iceland_Small_Multi_Standard_BRANSTON, Iceland_Small_Multi_Standard_HEINZ_Standard, Iceland_Small_SNAP_POTS_Standard_HEINZ_Standard, Iceland_Small_Single_Standard_HEINZ_Standard, Iceland_Standard_Multi_Standard_BRANSTON, Iceland_Standard_Multi_Standard_HEINZ_Standard, Iceland_Standard_Single_Standard_BRANSTON, Iceland_Standard_Single_Standard_HEINZ_Standard, Iceland_Standard_Single_Standard_Restofcategory"
UK,Iceland,AllRegion,Beans,AllSubCategory,BRANSTON,Standard,AllPackType,Standard Multi,AllPackSize,63580.32,94.146857,60294.6,channel_Iceland,"Iceland_Small_Multi_Standard_BRANSTON, Iceland_Small_Multi_Standard_HEINZ_Standard, Iceland_Small_SNAP_POTS_Standard_HEINZ_Standard, Iceland_Small_Single_Standard_HEINZ_Standard, Iceland_Standard_Multi_Standard_BRANSTON, Iceland_Standard_Multi_Standard_HEINZ_Standard, Iceland_Standard_Single_Standard_BRANSTON, Iceland_Standard_Single_Standard_HEINZ_Standard, Iceland_Standard_Single_Standard_Restofcategory"
UK,Iceland,AllRegion,Beans,AllSubCategory,BRANSTON,Standard,AllPackType,Standard Multi,AllPackSize,105527.3,94.95492224,98534.48,channel_Iceland,"Iceland_Small_Multi_Standard_BRANSTON, Iceland_Small_Multi_Standard_HEINZ_Standard, Iceland_Small_SNAP_POTS_Standard_HEINZ_Standard, Iceland_Small_Single_Standard_HEINZ_Standard, Iceland_Standard_Multi_Standard_BRANSTON, Iceland_Standard_Multi_Standard_HEINZ_Standard, Iceland_Standard_Single_Standard_BRANSTON, Iceland_Standard_Single_Standard_HEINZ_Standard, Iceland_Standard_Single_Standard_Restofcategory"
UK,Iceland,AllRegion,Beans,AllSubCategory,BRANSTON,Standard,AllPackType,Standard Multi,AllPackSize,104635.99,95.43164962,97570.16,channel_Iceland,"Iceland_Small_Multi_Standard_BRANSTON, Iceland_Small_Multi_Standard_HEINZ_Standard, Iceland_Small_SNAP_POTS_Standard_HEINZ_Standard, Iceland_Small_Single_Standard_HEINZ_Standard, Iceland_Standard_Multi_Standard_BRANSTON, Iceland_Standard_Multi_Standard_HEINZ_Standard, Iceland_Standard_Single_Standard_BRANSTON, Iceland_Standard_Single_Standard_HEINZ_Standard, Iceland_Standard_Single_Standard_Restofcategory"
UK,Iceland,AllRegion,Beans,AllSubCategory,BRANSTON,Standard,AllPackType,Standard Multi,AllPackSize,91829.03,94.47484355,86673.18,channel_Iceland,"Iceland_Small_Multi_Standard_BRANSTON, Iceland_Small_Multi_Standard_HEINZ_Standard, Iceland_Small_SNAP_POTS_Standard_HEINZ_Standard, Iceland_Small_Single_Standard_HEINZ_Standard, Iceland_Standard_Multi_Standard_BRANSTON, Iceland_Standard_Multi_Standard_HEINZ_Standard, Iceland_Standard_Single_Standard_BRANSTON, Iceland_Standard_Single_Standard_HEINZ_Standard, Iceland_Standard_Single_Standard_Restofcategory"
UK,Iceland,AllRegion,Beans,AllSubCategory,BRANSTON,Standard,AllPackType,Standard Multi,AllPackSize,94579.19,93.12187226,85014.32,channel_Iceland,"Iceland_Small_Multi_Standard_BRANSTON, Iceland_Small_Multi_Standard_HEINZ_Standard, Iceland_Small_SNAP_POTS_Standard_HEINZ_Standard, Iceland_Small_Single_Standard_HEINZ_Standard, Iceland_Standard_Multi_Standard_BRANSTON, Iceland_Standard_Multi_Standard_HEINZ_Standard, Iceland_Standard_Single_Standard_BRANSTON, Iceland_Standard_Single_Standard_HEINZ_Standard, Iceland_Standard_Single_Standard_Restofcategory"
UK,Iceland,AllRegion,Beans,AllSubCategory,BRANSTON,Standard,AllPackType,Standard Multi,AllPackSize,87909.9,93.24610163,73631.9,channel_Iceland,"Iceland_Small_Multi_Standard_BRANSTON, Iceland_Small_Multi_Standard_HEINZ_Standard, Iceland_Small_SNAP_POTS_Standard_HEINZ_Standard, Iceland_Small_Single_Standard_HEINZ_Standard, Iceland_Standard_Multi_Standard_BRANSTON, Iceland_Standard_Multi_Standard_HEINZ_Standard, Iceland_Standard_Single_Standard_BRANSTON, Iceland_Standard_Single_Standard_HEINZ_Standard, Iceland_Standard_Single_Standard_Restofcategory"
UK,Iceland,AllRegion,Beans,AllSubCategory,BRANSTON,Standard,AllPackType,Standard Multi,AllPackSize,54904.93,93.60502889,45903.6,channel_Iceland,"Iceland_Small_Multi_Standard_BRANSTON, Iceland_Small_Multi_Standard_HEINZ_Standard, Iceland_Small_SNAP_POTS_Standard_HEINZ_Standard, Iceland_Small_Single_Standard_HEINZ_Standard, Iceland_Standard_Multi_Standard_BRANSTON, Iceland_Standard_Multi_Standard_HEINZ_Standard, Iceland_Standard_Single_Standard_BRANSTON, Iceland_Standard_Single_Standard_HEINZ_Standard, Iceland_Standard_Single_Standard_Restofcategory"
UK,Iceland,AllRegion,Beans,AllSubCategory,BRANSTON,Standard,AllPackType,Standard Multi,AllPackSize,78414.2,93.09659444,65709.06,channel_Iceland,"Iceland_Small_Multi_Standard_BRANSTON, Iceland_Small_Multi_Standard_HEINZ_Standard, Iceland_Small_SNAP_POTS_Standard_HEINZ_Standard, Iceland_Small_Single_Standard_HEINZ_Standard, Iceland_Standard_Multi_Standard_BRANSTON, Iceland_Standard_Multi_Standard_HEINZ_Standard, Iceland_Standard_Single_Standard_BRANSTON, Iceland_Standard_Single_Standard_HEINZ_Standard, Iceland_Standard_Single_Standard_Restofcategory"
UK,Iceland,AllRegion,Beans,AllSubCategory,BRANSTON,Standard,AllPackType,Standard Multi,AllPackSize,87707.25,93.82096254,73261.26,channel_Iceland,"Iceland_Small_Multi_Standard_BRANSTON, Iceland_Small_Multi_Standard_HEINZ_Standard, Iceland_Small_SNAP_POTS_Standard_HEINZ_Standard, Iceland_Small_Single_Standard_HEINZ_Standard, Iceland_Standard_Multi_Standard_BRANSTON, Iceland_Standard_Multi_Standard_HEINZ_Standard, Iceland_Standard_Single_Standard_BRANSTON, Iceland_Standard_Single_Standard_HEINZ_Standard, Iceland_Standard_Single_Standard_Restofcategory"
UK,Iceland,AllRegion,Beans,AllSubCategory,BRANSTON,Standard,AllPackType,Standard Multi,AllPackSize,87112.67,94.01491482,72828.3,channel_Iceland,"Iceland_Small_Multi_Standard_BRANSTON, Iceland_Small_Multi_Standard_HEINZ_Standard, Iceland_Small_SNAP_POTS_Standard_HEINZ_Standard, Iceland_Small_Single_Standard_HEINZ_Standard, Iceland_Standard_Multi_Standard_BRANSTON, Iceland_Standard_Multi_Standard_HEINZ_Standard, Iceland_Standard_Single_Standard_BRANSTON, Iceland_Standard_Single_Standard_HEINZ_Standard, Iceland_Standard_Single_Standard_Restofcategory"
UK,Iceland,AllRegion,Beans,AllSubCategory,BRANSTON,Standard,AllPackType,Standard Multi,AllPackSize,89504.5,93.08808447,73444.94,channel_Iceland,"Iceland_Small_Multi_Standard_BRANSTON, Iceland_Small_Multi_Standard_HEINZ_Standard, Iceland_Small_SNAP_POTS_Standard_HEINZ_Standard, Iceland_Small_Single_Standard_HEINZ_Standard, Iceland_Standard_Multi_Standard_BRANSTON, Iceland_Standard_Multi_Standard_HEINZ_Standard, Iceland_Standard_Single_Standard_BRANSTON, Iceland_Standard_Single_Standard_HEINZ_Standard, Iceland_Standard_Single_Standard_Restofcategory"
UK,Iceland,AllRegion,Beans,AllSubCategory,BRANSTON,Standard,AllPackType,Standard Multi,AllPackSize,84616.66,93.17582042,69413.0,channel_Iceland,"Iceland_Small_Multi_Standard_BRANSTON, Iceland_Small_Multi_Standard_HEINZ_Standard, Iceland_Small_SNAP_POTS_Standard_HEINZ_Standard, Iceland_Small_Single_Standard_HEINZ_Standard, Iceland_Standard_Multi_Standard_BRANSTON, Iceland_Standard_Multi_Standard_HEINZ_Standard, Iceland_Standard_Single_Standard_BRANSTON, Iceland_Standard_Single_Standard_HEINZ_Standard, Iceland_Standard_Single_Standard_Restofcategory"
UK,Iceland,AllRegion,Beans,AllSubCategory,BRANSTON,Standard,AllPackType,Standard Multi,AllPackSize,73435.01,90.08477185,49837.96,channel_Iceland,"Iceland_Small_Multi_Standard_BRANSTON, Iceland_Small_Multi_Standard_HEINZ_Standard, Iceland_Small_SNAP_POTS_Standard_HEINZ_Standard, Iceland_Small_Single_Standard_HEINZ_Standard, Iceland_Standard_Multi_Standard_BRANSTON, Iceland_Standard_Multi_Standard_HEINZ_Standard, Iceland_Standard_Single_Standard_BRANSTON, Iceland_Standard_Single_Standard_HEINZ_Standard, Iceland_Standard_Single_Standard_Restofcategory"
UK,Iceland,AllRegion,Beans,AllSubCategory,BRANSTON,Standard,AllPackType,Standard Multi,AllPackSize,68413.32,88.97681642,46552.22,channel_Iceland,"Iceland_Small_Multi_Standard_BRANSTON, Iceland_Small_Multi_Standard_HEINZ_Standard, Iceland_Small_SNAP_POTS_Standard_HEINZ_Standard, Iceland_Small_Single_Standard_HEINZ_Standard, Iceland_Standard_Multi_Standard_BRANSTON, Iceland_Standard_Multi_Standard_HEINZ_Standard, Iceland_Standard_Single_Standard_BRANSTON, Iceland_Standard_Single_Standard_HEINZ_Standard, Iceland_Standard_Single_Standard_Restofcategory"
UK,Iceland,AllRegion,Beans,AllSubCategory,BRANSTON,Standard,AllPackType,Standard Multi,AllPackSize,89524.45,93.76916116,73312.92,channel_Iceland,"Iceland_Small_Multi_Standard_BRANSTON, Iceland_Small_Multi_Standard_HEINZ_Standard, Iceland_Small_SNAP_POTS_Standard_HEINZ_Standard, Iceland_Small_Single_Standard_HEINZ_Standard, Iceland_Standard_Multi_Standard_BRANSTON, Iceland_Standard_Multi_Standard_HEINZ_Standard, Iceland_Standard_Single_Standard_BRANSTON, Iceland_Standard_Single_Standard_HEINZ_Standard, Iceland_Standard_Single_Standard_Restofcategory"
UK,Iceland,AllRegion,Beans,AllSubCategory,BRANSTON,Standard,AllPackType,Standard Multi,AllPackSize,70006.34,90.47812878,47363.2,channel_Iceland,"Iceland_Small_Multi_Standard_BRANSTON, Iceland_Small_Multi_Standard_HEINZ_Standard, Iceland_Small_SNAP_POTS_Standard_HEINZ_Standard, Iceland_Small_Single_Standard_HEINZ_Standard, Iceland_Standard_Multi_Standard_BRANSTON, Iceland_Standard_Multi_Standard_HEINZ_Standard, Iceland_Standard_Single_Standard_BRANSTON, Iceland_Standard_Single_Standard_HEINZ_Standard, Iceland_Standard_Single_Standard_Restofcategory"
UK,Iceland,AllRegion,Beans,AllSubCategory,BRANSTON,Standard,AllPackType,Standard Multi,AllPackSize,68431.85,91.47236125,46181.58,channel_Iceland,"Iceland_Small_Multi_Standard_BRANSTON, Iceland_Small_Multi_Standard_HEINZ_Standard, Iceland_Small_SNAP_POTS_Standard_HEINZ_Standard, Iceland_Small_Single_Standard_HEINZ_Standard, Iceland_Standard_Multi_Standard_BRANSTON, Iceland_Standard_Multi_Standard_HEINZ_Standard, Iceland_Standard_Single_Standard_BRANSTON, Iceland_Standard_Single_Standard_HEINZ_Standard, Iceland_Standard_Single_Standard_Restofcategory"
UK,Iceland,AllRegion,Beans,AllSubCategory,BRANSTON,Standard,AllPackType,Standard Multi,AllPackSize,95527.7,93.96016684,78200.12,channel_Iceland,"Iceland_Small_Multi_Standard_BRANSTON, Iceland_Small_Multi_Standard_HEINZ_Standard, Iceland_Small_SNAP_POTS_Standard_HEINZ_Standard, Iceland_Small_Single_Standard_HEINZ_Standard, Iceland_Standard_Multi_Standard_BRANSTON, Iceland_Standard_Multi_Standard_HEINZ_Standard, Iceland_Standard_Single_Standard_BRANSTON, Iceland_Standard_Single_Standard_HEINZ_Standard, Iceland_Standard_Single_Standard_Restofcategory"
UK,Iceland,AllRegion,Beans,AllSubCategory,BRANSTON,Standard,AllPackType,Standard Multi,AllPackSize,83265.08,92.08862287,63839.46,channel_Iceland,"Iceland_Small_Multi_Standard_BRANSTON, Iceland_Small_Multi_Standard_HEINZ_Standard, Iceland_Small_SNAP_POTS_Standard_HEINZ_Standard, Iceland_Small_Single_Standard_HEINZ_Standard, Iceland_Standard_Multi_Standard_BRANSTON, Iceland_Standard_Multi_Standard_HEINZ_Standard, Iceland_Standard_Single_Standard_BRANSTON, Iceland_Standard_Single_Standard_HEINZ_Standard, Iceland_Standard_Single_Standard_Restofcategory"
UK,Iceland,AllRegion,Beans,AllSubCategory,BRANSTON,Standard,AllPackType,Standard Multi,AllPackSize,90520.94,93.99478422,74084.54,channel_Iceland,"Iceland_Small_Multi_Standard_BRANSTON, Iceland_Small_Multi_Standard_HEINZ_Standard, Iceland_Small_SNAP_POTS_Standard_HEINZ_Standard, Iceland_Small_Single_Standard_HEINZ_Standard, Iceland_Standard_Multi_Standard_BRANSTON, Iceland_Standard_Multi_Standard_HEINZ_Standard, Iceland_Standard_Single_Standard_BRANSTON, Iceland_Standard_Single_Standard_HEINZ_Standard, Iceland_Standard_Single_Standard_Restofcategory"
UK,Iceland,AllRegion,Beans,AllSubCategory,BRANSTON,Standard,AllPackType,Standard Multi,AllPackSize,77082.43,91.55298912,57647.64,channel_Iceland,"Iceland_Small_Multi_Standard_BRANSTON, Iceland_Small_Multi_Standard_HEINZ_Standard, Iceland_Small_SNAP_POTS_Standard_HEINZ_Standard, Iceland_Small_Single_Standard_HEINZ_Standard, Iceland_Standard_Multi_Standard_BRANSTON, Iceland_Standard_Multi_Standard_HEINZ_Standard, Iceland_Standard_Single_Standard_BRANSTON, Iceland_Standard_Single_Standard_HEINZ_Standard, Iceland_Standard_Single_Standard_Restofcategory"
UK,Iceland,AllRegion,Beans,AllSubCategory,BRANSTON,Standard,AllPackType,Standard Multi,AllPackSize,90860.62,93.6285288,74283.8,channel_Iceland,"Iceland_Small_Multi_Standard_BRANSTON, Iceland_Small_Multi_Standard_HEINZ_Standard, Iceland_Small_SNAP_POTS_Standard_HEINZ_Standard, Iceland_Small_Single_Standard_HEINZ_Standard, Iceland_Standard_Multi_Standard_BRANSTON, Iceland_Standard_Multi_Standard_HEINZ_Standard, Iceland_Standard_Single_Standard_BRANSTON, Iceland_Standard_Single_Standard_HEINZ_Standard, Iceland_Standard_Single_Standard_Restofcategory"
UK,Iceland,AllRegion,Beans,AllSubCategory,BRANSTON,Standard,AllPackType,Standard Multi,AllPackSize,95155.73,90.87925116,58990.8,channel_Iceland,"Iceland_Small_Multi_Standard_BRANSTON, Iceland_Small_Multi_Standard_HEINZ_Standard, Iceland_Small_SNAP_POTS_Standard_HEINZ_Standard, Iceland_Small_Single_Standard_HEINZ_Standard, Iceland_Standard_Multi_Standard_BRANSTON, Iceland_Standard_Multi_Standard_HEINZ_Standard, Iceland_Standard_Single_Standard_BRANSTON, Iceland_Standard_Single_Standard_HEINZ_Standard, Iceland_Standard_Single_Standard_Restofcategory"
UK,Iceland,AllRegion,Beans,AllSubCategory,BRANSTON,Standard,AllPackType,Standard Multi,AllPackSize,96450.16,87.64474956,54835.04,channel_Iceland,"Iceland_Small_Multi_Standard_BRANSTON, Iceland_Small_Multi_Standard_HEINZ_Standard, Iceland_Small_SNAP_POTS_Standard_HEINZ_Standard, Iceland_Small_Single_Standard_HEINZ_Standard, Iceland_Standard_Multi_Standard_BRANSTON, Iceland_Standard_Multi_Standard_HEINZ_Standard, Iceland_Standard_Single_Standard_BRANSTON, Iceland_Standard_Single_Standard_HEINZ_Standard, Iceland_Standard_Single_Standard_Restofcategory"
UK,Iceland,AllRegion,Beans,AllSubCategory,BRANSTON,Standard,AllPackType,Standard Multi,AllPackSize,74305.69,89.46377035,44674.42,channel_Iceland,"Iceland_Small_Multi_Standard_BRANSTON, Iceland_Small_Multi_Standard_HEINZ_Standard, Iceland_Small_SNAP_POTS_Standard_HEINZ_Standard, Iceland_Small_Single_Standard_HEINZ_Standard, Iceland_Standard_Multi_Standard_BRANSTON, Iceland_Standard_Multi_Standard_HEINZ_Standard, Iceland_Standard_Single_Standard_BRANSTON, Iceland_Standard_Single_Standard_HEINZ_Standard, Iceland_Standard_Single_Standard_Restofcategory"
UK,Iceland,AllRegion,Beans,AllSubCategory,BRANSTON,Standard,AllPackType,Standard Multi,AllPackSize,87013.08,90.50751461,48890.86,channel_Iceland,"Iceland_Small_Multi_Standard_BRANSTON, Iceland_Small_Multi_Standard_HEINZ_Standard, Iceland_Small_SNAP_POTS_Standard_HEINZ_Standard, Iceland_Small_Single_Standard_HEINZ_Standard, Iceland_Standard_Multi_Standard_BRANSTON, Iceland_Standard_Multi_Standard_HEINZ_Standard, Iceland_Standard_Single_Standard_BRANSTON, Iceland_Standard_Single_Standard_HEINZ_Standard, Iceland_Standard_Single_Standard_Restofcategory"
UK,Iceland,AllRegion,Beans,AllSubCategory,BRANSTON,Standard,AllPackType,Standard Multi,AllPackSize,99584.09,92.49677285,61932.96,channel_Iceland,"Iceland_Small_Multi_Standard_BRANSTON, Iceland_Small_Multi_Standard_HEINZ_Standard, Iceland_Small_SNAP_POTS_Standard_HEINZ_Standard, Iceland_Small_Single_Standard_HEINZ_Standard, Iceland_Standard_Multi_Standard_BRANSTON, Iceland_Standard_Multi_Standard_HEINZ_Standard, Iceland_Standard_Single_Standard_BRANSTON, Iceland_Standard_Single_Standard_HEINZ_Standard, Iceland_Standard_Single_Standard_Restofcategory"
UK,Iceland,AllRegion,Beans,AllSubCategory,BRANSTON,Standard,AllPackType,Standard Multi,AllPackSize,107516.38,94.24888146,70573.3,channel_Iceland,"Iceland_Small_Multi_Standard_BRANSTON, Iceland_Small_Multi_Standard_HEINZ_Standard, Iceland_Small_SNAP_POTS_Standard_HEINZ_Standard, Iceland_Small_Single_Standard_HEINZ_Standard, Iceland_Standard_Multi_Standard_BRANSTON, Iceland_Standard_Multi_Standard_HEINZ_Standard, Iceland_Standard_Single_Standard_BRANSTON, Iceland_Standard_Single_Standard_HEINZ_Standard, Iceland_Standard_Single_Standard_Restofcategory"
UK,Iceland,AllRegion,Beans,AllSubCategory,BRANSTON,Standard,AllPackType,Standard Multi,AllPackSize,87973.74,88.41865481,57750.96,channel_Iceland,"Iceland_Small_Multi_Standard_BRANSTON, Iceland_Small_Multi_Standard_HEINZ_Standard, Iceland_Small_SNAP_POTS_Standard_HEINZ_Standard, Iceland_Small_Single_Standard_HEINZ_Standard, Iceland_Standard_Multi_Standard_BRANSTON, Iceland_Standard_Multi_Standard_HEINZ_Standard, Iceland_Standard_Single_Standard_BRANSTON, Iceland_Standard_Single_Standard_HEINZ_Standard, Iceland_Standard_Single_Standard_Restofcategory"
UK,Iceland,AllRegion,Beans,AllSubCategory,BRANSTON,Standard,AllPackType,Standard Multi,AllPackSize,83363.55,88.50198707,54718.6,channel_Iceland,"Iceland_Small_Multi_Standard_BRANSTON, Iceland_Small_Multi_Standard_HEINZ_Standard, Iceland_Small_SNAP_POTS_Standard_HEINZ_Standard, Iceland_Small_Single_Standard_HEINZ_Standard, Iceland_Standard_Multi_Standard_BRANSTON, Iceland_Standard_Multi_Standard_HEINZ_Standard, Iceland_Standard_Single_Standard_BRANSTON, Iceland_Standard_Single_Standard_HEINZ_Standard, Iceland_Standard_Single_Standard_Restofcategory"
UK,Iceland,AllRegion,Beans,AllSubCategory,BRANSTON,Standard,AllPackType,Standard Multi,AllPackSize,96192.85,89.60378133,63207.24,channel_Iceland,"Iceland_Small_Multi_Standard_BRANSTON, Iceland_Small_Multi_Standard_HEINZ_Standard, Iceland_Small_SNAP_POTS_Standard_HEINZ_Standard, Iceland_Small_Single_Standard_HEINZ_Standard, Iceland_Standard_Multi_Standard_BRANSTON, Iceland_Standard_Multi_Standard_HEINZ_Standard, Iceland_Standard_Single_Standard_BRANSTON, Iceland_Standard_Single_Standard_HEINZ_Standard, Iceland_Standard_Single_Standard_Restofcategory"
UK,Iceland,AllRegion,Beans,AllSubCategory,BRANSTON,Standard,AllPackType,Standard Multi,AllPackSize,93403.37,91.22338945,61329.44,channel_Iceland,"Iceland_Small_Multi_Standard_BRANSTON, Iceland_Small_Multi_Standard_HEINZ_Standard, Iceland_Small_SNAP_POTS_Standard_HEINZ_Standard, Iceland_Small_Single_Standard_HEINZ_Standard, Iceland_Standard_Multi_Standard_BRANSTON, Iceland_Standard_Multi_Standard_HEINZ_Standard, Iceland_Standard_Single_Standard_BRANSTON, Iceland_Standard_Single_Standard_HEINZ_Standard, Iceland_Standard_Single_Standard_Restofcategory"
UK,Iceland,AllRegion,Beans,AllSubCategory,BRANSTON,Standard,AllPackType,Standard Multi,AllPackSize,87761.11,89.90506135,51361.52,channel_Iceland,"Iceland_Small_Multi_Standard_BRANSTON, Iceland_Small_Multi_Standard_HEINZ_Standard, Iceland_Small_SNAP_POTS_Standard_HEINZ_Standard, Iceland_Small_Single_Standard_HEINZ_Standard, Iceland_Standard_Multi_Standard_BRANSTON, Iceland_Standard_Multi_Standard_HEINZ_Standard, Iceland_Standard_Single_Standard_BRANSTON, Iceland_Standard_Single_Standard_HEINZ_Standard, Iceland_Standard_Single_Standard_Restofcategory"
UK,Iceland,AllRegion,Beans,AllSubCategory,BRANSTON,Standard,AllPackType,Standard Multi,AllPackSize,85224.46,89.93987796,47918.34,channel_Iceland,"Iceland_Small_Multi_Standard_BRANSTON, Iceland_Small_Multi_Standard_HEINZ_Standard, Iceland_Small_SNAP_POTS_Standard_HEINZ_Standard, Iceland_Small_Single_Standard_HEINZ_Standard, Iceland_Standard_Multi_Standard_BRANSTON, Iceland_Standard_Multi_Standard_HEINZ_Standard, Iceland_Standard_Single_Standard_BRANSTON, Iceland_Standard_Single_Standard_HEINZ_Standard, Iceland_Standard_Single_Standard_Restofcategory"
UK,Iceland,AllRegion,Beans,AllSubCategory,BRANSTON,Standard,AllPackType,Standard Multi,AllPackSize,101424.97,95.07103635,58972.76,channel_Iceland,"Iceland_Small_Multi_Standard_BRANSTON, Iceland_Small_Multi_Standard_HEINZ_Standard, Iceland_Small_SNAP_POTS_Standard_HEINZ_Standard, Iceland_Small_Single_Standard_HEINZ_Standard, Iceland_Standard_Multi_Standard_BRANSTON, Iceland_Standard_Multi_Standard_HEINZ_Standard, Iceland_Standard_Single_Standard_BRANSTON, Iceland_Standard_Single_Standard_HEINZ_Standard, Iceland_Standard_Single_Standard_Restofcategory"
UK,Iceland,AllRegion,Beans,AllSubCategory,BRANSTON,Standard,AllPackType,Standard Multi,AllPackSize,74883.13,92.82833227,44712.14,channel_Iceland,"Iceland_Small_Multi_Standard_BRANSTON, Iceland_Small_Multi_Standard_HEINZ_Standard, Iceland_Small_SNAP_POTS_Standard_HEINZ_Standard, Iceland_Small_Single_Standard_HEINZ_Standard, Iceland_Standard_Multi_Standard_BRANSTON, Iceland_Standard_Multi_Standard_HEINZ_Standard, Iceland_Standard_Single_Standard_BRANSTON, Iceland_Standard_Single_Standard_HEINZ_Standard, Iceland_Standard_Single_Standard_Restofcategory"
UK,Iceland,AllRegion,Beans,AllSubCategory,BRANSTON,Standard,AllPackType,Standard Multi,AllPackSize,71888.22,93.33257516,42919.62,channel_Iceland,"Iceland_Small_Multi_Standard_BRANSTON, Iceland_Small_Multi_Standard_HEINZ_Standard, Iceland_Small_SNAP_POTS_Standard_HEINZ_Standard, Iceland_Small_Single_Standard_HEINZ_Standard, Iceland_Standard_Multi_Standard_BRANSTON, Iceland_Standard_Multi_Standard_HEINZ_Standard, Iceland_Standard_Single_Standard_BRANSTON, Iceland_Standard_Single_Standard_HEINZ_Standard, Iceland_Standard_Single_Standard_Restofcategory"
UK,Iceland,AllRegion,Beans,AllSubCategory,BRANSTON,Standard,AllPackType,Standard Multi,AllPackSize,64258.74,89.93631347,35748.72,channel_Iceland,"Iceland_Small_Multi_Standard_BRANSTON, Iceland_Small_Multi_Standard_HEINZ_Standard, Iceland_Small_SNAP_POTS_Standard_HEINZ_Standard, Iceland_Small_Single_Standard_HEINZ_Standard, Iceland_Standard_Multi_Standard_BRANSTON, Iceland_Standard_Multi_Standard_HEINZ_Standard, Iceland_Standard_Single_Standard_BRANSTON, Iceland_Standard_Single_Standard_HEINZ_Standard, Iceland_Standard_Single_Standard_Restofcategory"
UK,Iceland,AllRegion,Beans,AllSubCategory,BRANSTON,Standard,AllPackType,Standard Multi,AllPackSize,65814.51,90.329764,36599.06,channel_Iceland,"Iceland_Small_Multi_Standard_BRANSTON, Iceland_Small_Multi_Standard_HEINZ_Standard, Iceland_Small_SNAP_POTS_Standard_HEINZ_Standard, Iceland_Small_Single_Standard_HEINZ_Standard, Iceland_Standard_Multi_Standard_BRANSTON, Iceland_Standard_Multi_Standard_HEINZ_Standard, Iceland_Standard_Single_Standard_BRANSTON, Iceland_Standard_Single_Standard_HEINZ_Standard, Iceland_Standard_Single_Standard_Restofcategory"
UK,Iceland,AllRegion,Beans,AllSubCategory,BRANSTON,Standard,AllPackType,Standard Multi,AllPackSize,68308.72,89.26154659,38009.46,channel_Iceland,"Iceland_Small_Multi_Standard_BRANSTON, Iceland_Small_Multi_Standard_HEINZ_Standard, Iceland_Small_SNAP_POTS_Standard_HEINZ_Standard, Iceland_Small_Single_Standard_HEINZ_Standard, Iceland_Standard_Multi_Standard_BRANSTON, Iceland_Standard_Multi_Standard_HEINZ_Standard, Iceland_Standard_Single_Standard_BRANSTON, Iceland_Standard_Single_Standard_HEINZ_Standard, Iceland_Standard_Single_Standard_Restofcategory"
UK,Iceland,AllRegion,Beans,AllSubCategory,BRANSTON,Standard,AllPackType,Standard Multi,AllPackSize,70846.33,91.5921167,41305.04,channel_Iceland,"Iceland_Small_Multi_Standard_BRANSTON, Iceland_Small_Multi_Standard_HEINZ_Standard, Iceland_Small_SNAP_POTS_Standard_HEINZ_Standard, Iceland_Small_Single_Standard_HEINZ_Standard, Iceland_Standard_Multi_Standard_BRANSTON, Iceland_Standard_Multi_Standard_HEINZ_Standard, Iceland_Standard_Single_Standard_BRANSTON, Iceland_Standard_Single_Standard_HEINZ_Standard, Iceland_Standard_Single_Standard_Restofcategory"
UK,Iceland,AllRegion,Beans,AllSubCategory,BRANSTON,Standard,AllPackType,Standard Multi,AllPackSize,76724.42,92.9426108,45880.64,channel_Iceland,"Iceland_Small_Multi_Standard_BRANSTON, Iceland_Small_Multi_Standard_HEINZ_Standard, Iceland_Small_SNAP_POTS_Standard_HEINZ_Standard, Iceland_Small_Single_Standard_HEINZ_Standard, Iceland_Standard_Multi_Standard_BRANSTON, Iceland_Standard_Multi_Standard_HEINZ_Standard, Iceland_Standard_Single_Standard_BRANSTON, Iceland_Standard_Single_Standard_HEINZ_Standard, Iceland_Standard_Single_Standard_Restofcategory"
UK,Iceland,AllRegion,Beans,AllSubCategory,BRANSTON,Standard,AllPackType,Standard Multi,AllPackSize,64526.7,92.64804909,38595.76,channel_Iceland,"Iceland_Small_Multi_Standard_BRANSTON, Iceland_Small_Multi_Standard_HEINZ_Standard, Iceland_Small_SNAP_POTS_Standard_HEINZ_Standard, Iceland_Small_Single_Standard_HEINZ_Standard, Iceland_Standard_Multi_Standard_BRANSTON, Iceland_Standard_Multi_Standard_HEINZ_Standard, Iceland_Standard_Single_Standard_BRANSTON, Iceland_Standard_Single_Standard_HEINZ_Standard, Iceland_Standard_Single_Standard_Restofcategory"
UK,Iceland,AllRegion,Beans,AllSubCategory,BRANSTON,Standard,AllPackType,Standard Multi,AllPackSize,60634.77,93.32923067,37287.04,channel_Iceland,"Iceland_Small_Multi_Standard_BRANSTON, Iceland_Small_Multi_Standard_HEINZ_Standard, Iceland_Small_SNAP_POTS_Standard_HEINZ_Standard, Iceland_Small_Single_Standard_HEINZ_Standard, Iceland_Standard_Multi_Standard_BRANSTON, Iceland_Standard_Multi_Standard_HEINZ_Standard, Iceland_Standard_Single_Standard_BRANSTON, Iceland_Standard_Single_Standard_HEINZ_Standard, Iceland_Standard_Single_Standard_Restofcategory"
UK,Iceland,AllRegion,Beans,AllSubCategory,BRANSTON,Standard,AllPackType,Standard Multi,AllPackSize,78102.89,93.72064023,49777.28,channel_Iceland,"Iceland_Small_Multi_Standard_BRANSTON, Iceland_Small_Multi_Standard_HEINZ_Standard, Iceland_Small_SNAP_POTS_Standard_HEINZ_Standard, Iceland_Small_Single_Standard_HEINZ_Standard, Iceland_Standard_Multi_Standard_BRANSTON, Iceland_Standard_Multi_Standard_HEINZ_Standard, Iceland_Standard_Single_Standard_BRANSTON, Iceland_Standard_Single_Standard_HEINZ_Standard, Iceland_Standard_Single_Standard_Restofcategory"
UK,Iceland,AllRegion,Beans,AllSubCategory,BRANSTON,Standard,AllPackType,Standard Multi,AllPackSize,76049.69,94.10399916,47638.72,channel_Iceland,"Iceland_Small_Multi_Standard_BRANSTON, Iceland_Small_Multi_Standard_HEINZ_Standard, Iceland_Small_SNAP_POTS_Standard_HEINZ_Standard, Iceland_Small_Single_Standard_HEINZ_Standard, Iceland_Standard_Multi_Standard_BRANSTON, Iceland_Standard_Multi_Standard_HEINZ_Standard, Iceland_Standard_Single_Standard_BRANSTON, Iceland_Standard_Single_Standard_HEINZ_Standard, Iceland_Standard_Single_Standard_Restofcategory"
UK,Iceland,AllRegion,Beans,AllSubCategory,BRANSTON,Standard,AllPackType,Standard Multi,AllPackSize,81686.54,93.66465494,50771.12,channel_Iceland,"Iceland_Small_Multi_Standard_BRANSTON, Iceland_Small_Multi_Standard_HEINZ_Standard, Iceland_Small_SNAP_POTS_Standard_HEINZ_Standard, Iceland_Small_Single_Standard_HEINZ_Standard, Iceland_Standard_Multi_Standard_BRANSTON, Iceland_Standard_Multi_Standard_HEINZ_Standard, Iceland_Standard_Single_Standard_BRANSTON, Iceland_Standard_Single_Standard_HEINZ_Standard, Iceland_Standard_Single_Standard_Restofcategory"
UK,Iceland,AllRegion,Beans,AllSubCategory,BRANSTON,Standard,AllPackType,Standard Multi,AllPackSize,84893.72,93.66483329,52912.14,channel_Iceland,"Iceland_Small_Multi_Standard_BRANSTON, Iceland_Small_Multi_Standard_HEINZ_Standard, Iceland_Small_SNAP_POTS_Standard_HEINZ_Standard, Iceland_Small_Single_Standard_HEINZ_Standard, Iceland_Standard_Multi_Standard_BRANSTON, Iceland_Standard_Multi_Standard_HEINZ_Standard, Iceland_Standard_Single_Standard_BRANSTON, Iceland_Standard_Single_Standard_HEINZ_Standard, Iceland_Standard_Single_Standard_Restofcategory"
UK,Iceland,AllRegion,Beans,AllSubCategory,BRANSTON,Standard,AllPackType,Standard Multi,AllPackSize,68779.86,91.799534,40346.46,channel_Iceland,"Iceland_Small_Multi_Standard_BRANSTON, Iceland_Small_Multi_Standard_HEINZ_Standard, Iceland_Small_SNAP_POTS_Standard_HEINZ_Standard, Iceland_Small_Single_Standard_HEINZ_Standard, Iceland_Standard_Multi_Standard_BRANSTON, Iceland_Standard_Multi_Standard_HEINZ_Standard, Iceland_Standard_Single_Standard_BRANSTON, Iceland_Standard_Single_Standard_HEINZ_Standard, Iceland_Standard_Single_Standard_Restofcategory"
UK,Iceland,AllRegion,Beans,AllSubCategory,BRANSTON,Standard,AllPackType,Standard Multi,AllPackSize,69382.24,88.89400503,38682.68,channel_Iceland,"Iceland_Small_Multi_Standard_BRANSTON, Iceland_Small_Multi_Standard_HEINZ_Standard, Iceland_Small_SNAP_POTS_Standard_HEINZ_Standard, Iceland_Small_Single_Standard_HEINZ_Standard, Iceland_Standard_Multi_Standard_BRANSTON, Iceland_Standard_Multi_Standard_HEINZ_Standard, Iceland_Standard_Single_Standard_BRANSTON, Iceland_Standard_Single_Standard_HEINZ_Standard, Iceland_Standard_Single_Standard_Restofcategory"
UK,Iceland,AllRegion,Beans,AllSubCategory,BRANSTON,Standard,AllPackType,Standard Multi,AllPackSize,68670.12,88.71334641,38294.0,channel_Iceland,"Iceland_Small_Multi_Standard_BRANSTON, Iceland_Small_Multi_Standard_HEINZ_Standard, Iceland_Small_SNAP_POTS_Standard_HEINZ_Standard, Iceland_Small_Single_Standard_HEINZ_Standard, Iceland_Standard_Multi_Standard_BRANSTON, Iceland_Standard_Multi_Standard_HEINZ_Standard, Iceland_Standard_Single_Standard_BRANSTON, Iceland_Standard_Single_Standard_HEINZ_Standard, Iceland_Standard_Single_Standard_Restofcategory"
UK,Iceland,AllRegion,Beans,AllSubCategory,HEINZ Standard,Standard,AllPackType,Standard Multi,AllPackSize,136737.14,88.36676151,95824.59,channel_Iceland,"Iceland_Small_Multi_Standard_BRANSTON, Iceland_Small_Multi_Standard_HEINZ_Standard, Iceland_Small_SNAP_POTS_Standard_HEINZ_Standard, Iceland_Small_Single_Standard_HEINZ_Standard, Iceland_Standard_Multi_Standard_BRANSTON, Iceland_Standard_Multi_Standard_HEINZ_Standard, Iceland_Standard_Single_Standard_BRANSTON, Iceland_Standard_Single_Standard_HEINZ_Standard, Iceland_Standard_Single_Standard_Restofcategory"
UK,Iceland,AllRegion,Beans,AllSubCategory,HEINZ Standard,Standard,AllPackType,Standard Multi,AllPackSize,138591.44,89.74985408,96703.3,channel_Iceland,"Iceland_Small_Multi_Standard_BRANSTON, Iceland_Small_Multi_Standard_HEINZ_Standard, Iceland_Small_SNAP_POTS_Standard_HEINZ_Standard, Iceland_Small_Single_Standard_HEINZ_Standard, Iceland_Standard_Multi_Standard_BRANSTON, Iceland_Standard_Multi_Standard_HEINZ_Standard, Iceland_Standard_Single_Standard_BRANSTON, Iceland_Standard_Single_Standard_HEINZ_Standard, Iceland_Standard_Single_Standard_Restofcategory"
UK,Iceland,AllRegion,Beans,AllSubCategory,HEINZ Standard,Standard,AllPackType,Standard Multi,AllPackSize,117858.64,88.12271148,82781.71,channel_Iceland,"Iceland_Small_Multi_Standard_BRANSTON, Iceland_Small_Multi_Standard_HEINZ_Standard, Iceland_Small_SNAP_POTS_Standard_HEINZ_Standard, Iceland_Small_Single_Standard_HEINZ_Standard, Iceland_Standard_Multi_Standard_BRANSTON, Iceland_Standard_Multi_Standard_HEINZ_Standard, Iceland_Standard_Single_Standard_BRANSTON, Iceland_Standard_Single_Standard_HEINZ_Standard, Iceland_Standard_Single_Standard_Restofcategory"
UK,Iceland,AllRegion,Beans,AllSubCategory,HEINZ Standard,Standard,AllPackType,Standard Multi,AllPackSize,105162.61,85.13695265,74400.37,channel_Iceland,"Iceland_Small_Multi_Standard_BRANSTON, Iceland_Small_Multi_Standard_HEINZ_Standard, Iceland_Small_SNAP_POTS_Standard_HEINZ_Standard, Iceland_Small_Single_Standard_HEINZ_Standard, Iceland_Standard_Multi_Standard_BRANSTON, Iceland_Standard_Multi_Standard_HEINZ_Standard, Iceland_Standard_Single_Standard_BRANSTON, Iceland_Standard_Single_Standard_HEINZ_Standard, Iceland_Standard_Single_Standard_Restofcategory"
UK,Iceland,AllRegion,Beans,AllSubCategory,HEINZ Standard,Standard,AllPackType,Standard Multi,AllPackSize,89061.65,86.44822707,62648.4,channel_Iceland,"Iceland_Small_Multi_Standard_BRANSTON, Iceland_Small_Multi_Standard_HEINZ_Standard, Iceland_Small_SNAP_POTS_Standard_HEINZ_Standard, Iceland_Small_Single_Standard_HEINZ_Standard, Iceland_Standard_Multi_Standard_BRANSTON, Iceland_Standard_Multi_Standard_HEINZ_Standard, Iceland_Standard_Single_Standard_BRANSTON, Iceland_Standard_Single_Standard_HEINZ_Standard, Iceland_Standard_Single_Standard_Restofcategory"
UK,Iceland,AllRegion,Beans,AllSubCategory,HEINZ Standard,Standard,AllPackType,Standard Multi,AllPackSize,101677.08,86.74931655,71455.53,channel_Iceland,"Iceland_Small_Multi_Standard_BRANSTON, Iceland_Small_Multi_Standard_HEINZ_Standard, Iceland_Small_SNAP_POTS_Standard_HEINZ_Standard, Iceland_Small_Single_Standard_HEINZ_Standard, Iceland_Standard_Multi_Standard_BRANSTON, Iceland_Standard_Multi_Standard_HEINZ_Standard, Iceland_Standard_Single_Standard_BRANSTON, Iceland_Standard_Single_Standard_HEINZ_Standard, Iceland_Standard_Single_Standard_Restofcategory"
UK,Iceland,AllRegion,Beans,AllSubCategory,HEINZ Standard,Standard,AllPackType,Standard Multi,AllPackSize,100594.59,87.22890212,70515.97,channel_Iceland,"Iceland_Small_Multi_Standard_BRANSTON, Iceland_Small_Multi_Standard_HEINZ_Standard, Iceland_Small_SNAP_POTS_Standard_HEINZ_Standard, Iceland_Small_Single_Standard_HEINZ_Standard, Iceland_Standard_Multi_Standard_BRANSTON, Iceland_Standard_Multi_Standard_HEINZ_Standard, Iceland_Standard_Single_Standard_BRANSTON, Iceland_Standard_Single_Standard_HEINZ_Standard, Iceland_Standard_Single_Standard_Restofcategory"
UK,Iceland,AllRegion,Beans,AllSubCategory,HEINZ Standard,Standard,AllPackType,Standard Multi,AllPackSize,79599.43,85.40459163,56117.13,channel_Iceland,"Iceland_Small_Multi_Standard_BRANSTON, Iceland_Small_Multi_Standard_HEINZ_Standard, Iceland_Small_SNAP_POTS_Standard_HEINZ_Standard, Iceland_Small_Single_Standard_HEINZ_Standard, Iceland_Standard_Multi_Standard_BRANSTON, Iceland_Standard_Multi_Standard_HEINZ_Standard, Iceland_Standard_Single_Standard_BRANSTON, Iceland_Standard_Single_Standard_HEINZ_Standard, Iceland_Standard_Single_Standard_Restofcategory"
UK,Iceland,AllRegion,Beans,AllSubCategory,HEINZ Standard,Standard,AllPackType,Standard Multi,AllPackSize,75721.12,84.95160059,53470.26,channel_Iceland,"Iceland_Small_Multi_Standard_BRANSTON, Iceland_Small_Multi_Standard_HEINZ_Standard, Iceland_Small_SNAP_POTS_Standard_HEINZ_Standard, Iceland_Small_Single_Standard_HEINZ_Standard, Iceland_Standard_Multi_Standard_BRANSTON, Iceland_Standard_Multi_Standard_HEINZ_Standard, Iceland_Standard_Single_Standard_BRANSTON, Iceland_Standard_Single_Standard_HEINZ_Standard, Iceland_Standard_Single_Standard_Restofcategory"
UK,Iceland,AllRegion,Beans,AllSubCategory,HEINZ Standard,Standard,AllPackType,Standard Multi,AllPackSize,101199.93,85.53711882,71896.26,channel_Iceland,"Iceland_Small_Multi_Standard_BRANSTON, Iceland_Small_Multi_Standard_HEINZ_Standard, Iceland_Small_SNAP_POTS_Standard_HEINZ_Standard, Iceland_Small_Single_Standard_HEINZ_Standard, Iceland_Standard_Multi_Standard_BRANSTON, Iceland_Standard_Multi_Standard_HEINZ_Standard, Iceland_Standard_Single_Standard_BRANSTON, Iceland_Standard_Single_Standard_HEINZ_Standard, Iceland_Standard_Single_Standard_Restofcategory"
UK,Iceland,AllRegion,Beans,AllSubCategory,HEINZ Standard,Standard,AllPackType,Standard Multi,AllPackSize,99496.26,86.12291549,70480.28,channel_Iceland,"Iceland_Small_Multi_Standard_BRANSTON, Iceland_Small_Multi_Standard_HEINZ_Standard, Iceland_Small_SNAP_POTS_Standard_HEINZ_Standard, Iceland_Small_Single_Standard_HEINZ_Standard, Iceland_Standard_Multi_Standard_BRANSTON, Iceland_Standard_Multi_Standard_HEINZ_Standard, Iceland_Standard_Single_Standard_BRANSTON, Iceland_Standard_Single_Standard_HEINZ_Standard, Iceland_Standard_Single_Standard_Restofcategory"
UK,Iceland,AllRegion,Beans,AllSubCategory,HEINZ Standard,Standard,AllPackType,Standard Multi,AllPackSize,95964.51,83.29359413,69204.57,channel_Iceland,"Iceland_Small_Multi_Standard_BRANSTON, Iceland_Small_Multi_Standard_HEINZ_Standard, Iceland_Small_SNAP_POTS_Standard_HEINZ_Standard, Iceland_Small_Single_Standard_HEINZ_Standard, Iceland_Standard_Multi_Standard_BRANSTON, Iceland_Standard_Multi_Standard_HEINZ_Standard, Iceland_Standard_Single_Standard_BRANSTON, Iceland_Standard_Single_Standard_HEINZ_Standard, Iceland_Standard_Single_Standard_Restofcategory"
UK,Iceland,AllRegion,Beans,AllSubCategory,HEINZ Standard,Standard,AllPackType,Standard Multi,AllPackSize,95480.73,83.51429481,68748.9,channel_Iceland,"Iceland_Small_Multi_Standard_BRANSTON, Iceland_Small_Multi_Standard_HEINZ_Standard, Iceland_Small_SNAP_POTS_Standard_HEINZ_Standard, Iceland_Small_Single_Standard_HEINZ_Standard, Iceland_Standard_Multi_Standard_BRANSTON, Iceland_Standard_Multi_Standard_HEINZ_Standard, Iceland_Standard_Single_Standard_BRANSTON, Iceland_Standard_Single_Standard_HEINZ_Standard, Iceland_Standard_Single_Standard_Restofcategory"
UK,Iceland,AllRegion,Beans,AllSubCategory,HEINZ Standard,Standard,AllPackType,Standard Multi,AllPackSize,88019.5,85.51773547,62782.03,channel_Iceland,"Iceland_Small_Multi_Standard_BRANSTON, Iceland_Small_Multi_Standard_HEINZ_Standard, Iceland_Small_SNAP_POTS_Standard_HEINZ_Standard, Iceland_Small_Single_Standard_HEINZ_Standard, Iceland_Standard_Multi_Standard_BRANSTON, Iceland_Standard_Multi_Standard_HEINZ_Standard, Iceland_Standard_Single_Standard_BRANSTON, Iceland_Standard_Single_Standard_HEINZ_Standard, Iceland_Standard_Single_Standard_Restofcategory"
UK,Iceland,AllRegion,Beans,AllSubCategory,HEINZ Standard,Standard,AllPackType,Standard Multi,AllPackSize,99325.15,85.52527205,70236.26,channel_Iceland,"Iceland_Small_Multi_Standard_BRANSTON, Iceland_Small_Multi_Standard_HEINZ_Standard, Iceland_Small_SNAP_POTS_Standard_HEINZ_Standard, Iceland_Small_Single_Standard_HEINZ_Standard, Iceland_Standard_Multi_Standard_BRANSTON, Iceland_Standard_Multi_Standard_HEINZ_Standard, Iceland_Standard_Single_Standard_BRANSTON, Iceland_Standard_Single_Standard_HEINZ_Standard, Iceland_Standard_Single_Standard_Restofcategory"
UK,Iceland,AllRegion,Beans,AllSubCategory,HEINZ Standard,Standard,AllPackType,Standard Multi,AllPackSize,100032.88,84.56704941,71078.71,channel_Iceland,"Iceland_Small_Multi_Standard_BRANSTON, Iceland_Small_Multi_Standard_HEINZ_Standard, Iceland_Small_SNAP_POTS_Standard_HEINZ_Standard, Iceland_Small_Single_Standard_HEINZ_Standard, Iceland_Standard_Multi_Standard_BRANSTON, Iceland_Standard_Multi_Standard_HEINZ_Standard, Iceland_Standard_Single_Standard_BRANSTON, Iceland_Standard_Single_Standard_HEINZ_Standard, Iceland_Standard_Single_Standard_Restofcategory"
UK,Iceland,AllRegion,Beans,AllSubCategory,HEINZ Standard,Standard,AllPackType,Standard Multi,AllPackSize,129356.51,89.53162728,90247.56,channel_Iceland,"Iceland_Small_Multi_Standard_BRANSTON, Iceland_Small_Multi_Standard_HEINZ_Standard, Iceland_Small_SNAP_POTS_Standard_HEINZ_Standard, Iceland_Small_Single_Standard_HEINZ_Standard, Iceland_Standard_Multi_Standard_BRANSTON, Iceland_Standard_Multi_Standard_HEINZ_Standard, Iceland_Standard_Single_Standard_BRANSTON, Iceland_Standard_Single_Standard_HEINZ_Standard, Iceland_Standard_Single_Standard_Restofcategory"
UK,Iceland,AllRegion,Beans,AllSubCategory,HEINZ Standard,Standard,AllPackType,Standard Multi,AllPackSize,109238.26,87.12133428,64268.56,channel_Iceland,"Iceland_Small_Multi_Standard_BRANSTON, Iceland_Small_Multi_Standard_HEINZ_Standard, Iceland_Small_SNAP_POTS_Standard_HEINZ_Standard, Iceland_Small_Single_Standard_HEINZ_Standard, Iceland_Standard_Multi_Standard_BRANSTON, Iceland_Standard_Multi_Standard_HEINZ_Standard, Iceland_Standard_Single_Standard_BRANSTON, Iceland_Standard_Single_Standard_HEINZ_Standard, Iceland_Standard_Single_Standard_Restofcategory"
UK,Iceland,AllRegion,Beans,AllSubCategory,HEINZ Standard,Standard,AllPackType,Standard Multi,AllPackSize,105908.41,87.77559077,62135.46,channel_Iceland,"Iceland_Small_Multi_Standard_BRANSTON, Iceland_Small_Multi_Standard_HEINZ_Standard, Iceland_Small_SNAP_POTS_Standard_HEINZ_Standard, Iceland_Small_Single_Standard_HEINZ_Standard, Iceland_Standard_Multi_Standard_BRANSTON, Iceland_Standard_Multi_Standard_HEINZ_Standard, Iceland_Standard_Single_Standard_BRANSTON, Iceland_Standard_Single_Standard_HEINZ_Standard, Iceland_Standard_Single_Standard_Restofcategory"
UK,Iceland,AllRegion,Beans,AllSubCategory,HEINZ Standard,Standard,AllPackType,Standard Multi,AllPackSize,67975.0,87.63011722,39865.73,channel_Iceland,"Iceland_Small_Multi_Standard_BRANSTON, Iceland_Small_Multi_Standard_HEINZ_Standard, Iceland_Small_SNAP_POTS_Standard_HEINZ_Standard, Iceland_Small_Single_Standard_HEINZ_Standard, Iceland_Standard_Multi_Standard_BRANSTON, Iceland_Standard_Multi_Standard_HEINZ_Standard, Iceland_Standard_Single_Standard_BRANSTON, Iceland_Standard_Single_Standard_HEINZ_Standard, Iceland_Standard_Single_Standard_Restofcategory"
UK,Iceland,AllRegion,Beans,AllSubCategory,HEINZ Standard,Standard,AllPackType,Standard Multi,AllPackSize,93595.0,87.27746597,55578.46,channel_Iceland,"Iceland_Small_Multi_Standard_BRANSTON, Iceland_Small_Multi_Standard_HEINZ_Standard, Iceland_Small_SNAP_POTS_Standard_HEINZ_Standard, Iceland_Small_Single_Standard_HEINZ_Standard, Iceland_Standard_Multi_Standard_BRANSTON, Iceland_Standard_Multi_Standard_HEINZ_Standard, Iceland_Standard_Single_Standard_BRANSTON, Iceland_Standard_Single_Standard_HEINZ_Standard, Iceland_Standard_Single_Standard_Restofcategory"
UK,Iceland,AllRegion,Beans,AllSubCategory,HEINZ Standard,Standard,AllPackType,Standard Multi,AllPackSize,101669.43,87.24269356,59965.01,channel_Iceland,"Iceland_Small_Multi_Standard_BRANSTON, Iceland_Small_Multi_Standard_HEINZ_Standard, Iceland_Small_SNAP_POTS_Standard_HEINZ_Standard, Iceland_Small_Single_Standard_HEINZ_Standard, Iceland_Standard_Multi_Standard_BRANSTON, Iceland_Standard_Multi_Standard_HEINZ_Standard, Iceland_Standard_Single_Standard_BRANSTON, Iceland_Standard_Single_Standard_HEINZ_Standard, Iceland_Standard_Single_Standard_Restofcategory"
UK,Iceland,AllRegion,Beans,AllSubCategory,HEINZ Standard,Standard,AllPackType,Standard Multi,AllPackSize,91544.11,87.37789294,53904.35,channel_Iceland,"Iceland_Small_Multi_Standard_BRANSTON, Iceland_Small_Multi_Standard_HEINZ_Standard, Iceland_Small_SNAP_POTS_Standard_HEINZ_Standard, Iceland_Small_Single_Standard_HEINZ_Standard, Iceland_Standard_Multi_Standard_BRANSTON, Iceland_Standard_Multi_Standard_HEINZ_Standard, Iceland_Standard_Single_Standard_BRANSTON, Iceland_Standard_Single_Standard_HEINZ_Standard, Iceland_Standard_Single_Standard_Restofcategory"
UK,Iceland,AllRegion,Beans,AllSubCategory,HEINZ Standard,Standard,AllPackType,Standard Multi,AllPackSize,113602.36,92.88490994,70587.35,channel_Iceland,"Iceland_Small_Multi_Standard_BRANSTON, Iceland_Small_Multi_Standard_HEINZ_Standard, Iceland_Small_SNAP_POTS_Standard_HEINZ_Standard, Iceland_Small_Single_Standard_HEINZ_Standard, Iceland_Standard_Multi_Standard_BRANSTON, Iceland_Standard_Multi_Standard_HEINZ_Standard, Iceland_Standard_Single_Standard_BRANSTON, Iceland_Standard_Single_Standard_HEINZ_Standard, Iceland_Standard_Single_Standard_Restofcategory"
UK,Iceland,AllRegion,Beans,AllSubCategory,HEINZ Standard,Standard,AllPackType,Standard Multi,AllPackSize,112540.43,92.6213549,68312.32,channel_Iceland,"Iceland_Small_Multi_Standard_BRANSTON, Iceland_Small_Multi_Standard_HEINZ_Standard, Iceland_Small_SNAP_POTS_Standard_HEINZ_Standard, Iceland_Small_Single_Standard_HEINZ_Standard, Iceland_Standard_Multi_Standard_BRANSTON, Iceland_Standard_Multi_Standard_HEINZ_Standard, Iceland_Standard_Single_Standard_BRANSTON, Iceland_Standard_Single_Standard_HEINZ_Standard, Iceland_Standard_Single_Standard_Restofcategory"
UK,Iceland,AllRegion,Beans,AllSubCategory,HEINZ Standard,Standard,AllPackType,Standard Multi,AllPackSize,106866.83,92.91955328,69108.29,channel_Iceland,"Iceland_Small_Multi_Standard_BRANSTON, Iceland_Small_Multi_Standard_HEINZ_Standard, Iceland_Small_SNAP_POTS_Standard_HEINZ_Standard, Iceland_Small_Single_Standard_HEINZ_Standard, Iceland_Standard_Multi_Standard_BRANSTON, Iceland_Standard_Multi_Standard_HEINZ_Standard, Iceland_Standard_Single_Standard_BRANSTON, Iceland_Standard_Single_Standard_HEINZ_Standard, Iceland_Standard_Single_Standard_Restofcategory"
UK,Iceland,AllRegion,Beans,AllSubCategory,HEINZ Standard,Standard,AllPackType,Standard Multi,AllPackSize,109117.19,92.56357851,67878.23,channel_Iceland,"Iceland_Small_Multi_Standard_BRANSTON, Iceland_Small_Multi_Standard_HEINZ_Standard, Iceland_Small_SNAP_POTS_Standard_HEINZ_Standard, Iceland_Small_Single_Standard_HEINZ_Standard, Iceland_Standard_Multi_Standard_BRANSTON, Iceland_Standard_Multi_Standard_HEINZ_Standard, Iceland_Standard_Single_Standard_BRANSTON, Iceland_Standard_Single_Standard_HEINZ_Standard, Iceland_Standard_Single_Standard_Restofcategory"
UK,Iceland,AllRegion,Beans,AllSubCategory,HEINZ Standard,Standard,AllPackType,Standard Multi,AllPackSize,100623.0,94.11240105,64639.57,channel_Iceland,"Iceland_Small_Multi_Standard_BRANSTON, Iceland_Small_Multi_Standard_HEINZ_Standard, Iceland_Small_SNAP_POTS_Standard_HEINZ_Standard, Iceland_Small_Single_Standard_HEINZ_Standard, Iceland_Standard_Multi_Standard_BRANSTON, Iceland_Standard_Multi_Standard_HEINZ_Standard, Iceland_Standard_Single_Standard_BRANSTON, Iceland_Standard_Single_Standard_HEINZ_Standard, Iceland_Standard_Single_Standard_Restofcategory"
UK,Iceland,AllRegion,Beans,AllSubCategory,HEINZ Standard,Standard,AllPackType,Standard Multi,AllPackSize,112808.7,93.91864167,66877.25,channel_Iceland,"Iceland_Small_Multi_Standard_BRANSTON, Iceland_Small_Multi_Standard_HEINZ_Standard, Iceland_Small_SNAP_POTS_Standard_HEINZ_Standard, Iceland_Small_Single_Standard_HEINZ_Standard, Iceland_Standard_Multi_Standard_BRANSTON, Iceland_Standard_Multi_Standard_HEINZ_Standard, Iceland_Standard_Single_Standard_BRANSTON, Iceland_Standard_Single_Standard_HEINZ_Standard, Iceland_Standard_Single_Standard_Restofcategory"
UK,Iceland,AllRegion,Beans,AllSubCategory,HEINZ Standard,Standard,AllPackType,Standard Multi,AllPackSize,96227.58,93.17366006,51292.34,channel_Iceland,"Iceland_Small_Multi_Standard_BRANSTON, Iceland_Small_Multi_Standard_HEINZ_Standard, Iceland_Small_SNAP_POTS_Standard_HEINZ_Standard, Iceland_Small_Single_Standard_HEINZ_Standard, Iceland_Standard_Multi_Standard_BRANSTON, Iceland_Standard_Multi_Standard_HEINZ_Standard, Iceland_Standard_Single_Standard_BRANSTON, Iceland_Standard_Single_Standard_HEINZ_Standard, Iceland_Standard_Single_Standard_Restofcategory"
UK,Iceland,AllRegion,Beans,AllSubCategory,HEINZ Standard,Standard,AllPackType,Standard Multi,AllPackSize,128132.59,97.29751742,73195.21,channel_Iceland,"Iceland_Small_Multi_Standard_BRANSTON, Iceland_Small_Multi_Standard_HEINZ_Standard, Iceland_Small_SNAP_POTS_Standard_HEINZ_Standard, Iceland_Small_Single_Standard_HEINZ_Standard, Iceland_Standard_Multi_Standard_BRANSTON, Iceland_Standard_Multi_Standard_HEINZ_Standard, Iceland_Standard_Single_Standard_BRANSTON, Iceland_Standard_Single_Standard_HEINZ_Standard, Iceland_Standard_Single_Standard_Restofcategory"
UK,Iceland,AllRegion,Beans,AllSubCategory,HEINZ Standard,Standard,AllPackType,Standard Multi,AllPackSize,126366.9,96.41607884,70877.85,channel_Iceland,"Iceland_Small_Multi_Standard_BRANSTON, Iceland_Small_Multi_Standard_HEINZ_Standard, Iceland_Small_SNAP_POTS_Standard_HEINZ_Standard, Iceland_Small_Single_Standard_HEINZ_Standard, Iceland_Standard_Multi_Standard_BRANSTON, Iceland_Standard_Multi_Standard_HEINZ_Standard, Iceland_Standard_Single_Standard_BRANSTON, Iceland_Standard_Single_Standard_HEINZ_Standard, Iceland_Standard_Single_Standard_Restofcategory"
UK,Iceland,AllRegion,Beans,AllSubCategory,HEINZ Standard,Standard,AllPackType,Standard Multi,AllPackSize,94230.46,92.40431592,50618.38,channel_Iceland,"Iceland_Small_Multi_Standard_BRANSTON, Iceland_Small_Multi_Standard_HEINZ_Standard, Iceland_Small_SNAP_POTS_Standard_HEINZ_Standard, Iceland_Small_Single_Standard_HEINZ_Standard, Iceland_Standard_Multi_Standard_BRANSTON, Iceland_Standard_Multi_Standard_HEINZ_Standard, Iceland_Standard_Single_Standard_BRANSTON, Iceland_Standard_Single_Standard_HEINZ_Standard, Iceland_Standard_Single_Standard_Restofcategory"
UK,Iceland,AllRegion,Beans,AllSubCategory,HEINZ Standard,Standard,AllPackType,Standard Multi,AllPackSize,101162.34,93.23288788,54392.39,channel_Iceland,"Iceland_Small_Multi_Standard_BRANSTON, Iceland_Small_Multi_Standard_HEINZ_Standard, Iceland_Small_SNAP_POTS_Standard_HEINZ_Standard, Iceland_Small_Single_Standard_HEINZ_Standard, Iceland_Standard_Multi_Standard_BRANSTON, Iceland_Standard_Multi_Standard_HEINZ_Standard, Iceland_Standard_Single_Standard_BRANSTON, Iceland_Standard_Single_Standard_HEINZ_Standard, Iceland_Standard_Single_Standard_Restofcategory"
UK,Iceland,AllRegion,Beans,AllSubCategory,HEINZ Standard,Standard,AllPackType,Standard Multi,AllPackSize,93855.75,92.0717896,50331.2,channel_Iceland,"Iceland_Small_Multi_Standard_BRANSTON, Iceland_Small_Multi_Standard_HEINZ_Standard, Iceland_Small_SNAP_POTS_Standard_HEINZ_Standard, Iceland_Small_Single_Standard_HEINZ_Standard, Iceland_Standard_Multi_Standard_BRANSTON, Iceland_Standard_Multi_Standard_HEINZ_Standard, Iceland_Standard_Single_Standard_BRANSTON, Iceland_Standard_Single_Standard_HEINZ_Standard, Iceland_Standard_Single_Standard_Restofcategory"
UK,Iceland,AllRegion,Beans,AllSubCategory,HEINZ Standard,Standard,AllPackType,Standard Multi,AllPackSize,96737.17,85.56970522,49946.08,channel_Iceland,"Iceland_Small_Multi_Standard_BRANSTON, Iceland_Small_Multi_Standard_HEINZ_Standard, Iceland_Small_SNAP_POTS_Standard_HEINZ_Standard, Iceland_Small_Single_Standard_HEINZ_Standard, Iceland_Standard_Multi_Standard_BRANSTON, Iceland_Standard_Multi_Standard_HEINZ_Standard, Iceland_Standard_Single_Standard_BRANSTON, Iceland_Standard_Single_Standard_HEINZ_Standard, Iceland_Standard_Single_Standard_Restofcategory"
UK,Iceland,AllRegion,Beans,AllSubCategory,HEINZ Standard,Standard,AllPackType,Standard Multi,AllPackSize,104688.62,85.71838897,53403.86,channel_Iceland,"Iceland_Small_Multi_Standard_BRANSTON, Iceland_Small_Multi_Standard_HEINZ_Standard, Iceland_Small_SNAP_POTS_Standard_HEINZ_Standard, Iceland_Small_Single_Standard_HEINZ_Standard, Iceland_Standard_Multi_Standard_BRANSTON, Iceland_Standard_Multi_Standard_HEINZ_Standard, Iceland_Standard_Single_Standard_BRANSTON, Iceland_Standard_Single_Standard_HEINZ_Standard, Iceland_Standard_Single_Standard_Restofcategory"
UK,Iceland,AllRegion,Beans,AllSubCategory,HEINZ Standard,Standard,AllPackType,Standard Multi,AllPackSize,104740.07,87.36740816,53282.68,channel_Iceland,"Iceland_Small_Multi_Standard_BRANSTON, Iceland_Small_Multi_Standard_HEINZ_Standard, Iceland_Small_SNAP_POTS_Standard_HEINZ_Standard, Iceland_Small_Single_Standard_HEINZ_Standard, Iceland_Standard_Multi_Standard_BRANSTON, Iceland_Standard_Multi_Standard_HEINZ_Standard, Iceland_Standard_Single_Standard_BRANSTON, Iceland_Standard_Single_Standard_HEINZ_Standard, Iceland_Standard_Single_Standard_Restofcategory"
UK,Iceland,AllRegion,Beans,AllSubCategory,HEINZ Standard,Standard,AllPackType,Standard Multi,AllPackSize,101481.06,86.6707377,51893.26,channel_Iceland,"Iceland_Small_Multi_Standard_BRANSTON, Iceland_Small_Multi_Standard_HEINZ_Standard, Iceland_Small_SNAP_POTS_Standard_HEINZ_Standard, Iceland_Small_Single_Standard_HEINZ_Standard, Iceland_Standard_Multi_Standard_BRANSTON, Iceland_Standard_Multi_Standard_HEINZ_Standard, Iceland_Standard_Single_Standard_BRANSTON, Iceland_Standard_Single_Standard_HEINZ_Standard, Iceland_Standard_Single_Standard_Restofcategory"
UK,Iceland,AllRegion,Beans,AllSubCategory,HEINZ Standard,Standard,AllPackType,Standard Multi,AllPackSize,99288.16,86.55168632,50770.27,channel_Iceland,"Iceland_Small_Multi_Standard_BRANSTON, Iceland_Small_Multi_Standard_HEINZ_Standard, Iceland_Small_SNAP_POTS_Standard_HEINZ_Standard, Iceland_Small_Single_Standard_HEINZ_Standard, Iceland_Standard_Multi_Standard_BRANSTON, Iceland_Standard_Multi_Standard_HEINZ_Standard, Iceland_Standard_Single_Standard_BRANSTON, Iceland_Standard_Single_Standard_HEINZ_Standard, Iceland_Standard_Single_Standard_Restofcategory"
UK,Iceland,AllRegion,Beans,AllSubCategory,HEINZ Standard,Standard,AllPackType,Standard Multi,AllPackSize,94700.69,85.73809031,48429.67,channel_Iceland,"Iceland_Small_Multi_Standard_BRANSTON, Iceland_Small_Multi_Standard_HEINZ_Standard, Iceland_Small_SNAP_POTS_Standard_HEINZ_Standard, Iceland_Small_Single_Standard_HEINZ_Standard, Iceland_Standard_Multi_Standard_BRANSTON, Iceland_Standard_Multi_Standard_HEINZ_Standard, Iceland_Standard_Single_Standard_BRANSTON, Iceland_Standard_Single_Standard_HEINZ_Standard, Iceland_Standard_Single_Standard_Restofcategory"
UK,Iceland,AllRegion,Beans,AllSubCategory,HEINZ Standard,Standard,AllPackType,Standard Multi,AllPackSize,106015.14,90.18163437,48508.52,channel_Iceland,"Iceland_Small_Multi_Standard_BRANSTON, Iceland_Small_Multi_Standard_HEINZ_Standard, Iceland_Small_SNAP_POTS_Standard_HEINZ_Standard, Iceland_Small_Single_Standard_HEINZ_Standard, Iceland_Standard_Multi_Standard_BRANSTON, Iceland_Standard_Multi_Standard_HEINZ_Standard, Iceland_Standard_Single_Standard_BRANSTON, Iceland_Standard_Single_Standard_HEINZ_Standard, Iceland_Standard_Single_Standard_Restofcategory"
UK,Iceland,AllRegion,Beans,AllSubCategory,HEINZ Standard,Standard,AllPackType,Standard Multi,AllPackSize,116221.47,88.88977988,52152.22,channel_Iceland,"Iceland_Small_Multi_Standard_BRANSTON, Iceland_Small_Multi_Standard_HEINZ_Standard, Iceland_Small_SNAP_POTS_Standard_HEINZ_Standard, Iceland_Small_Single_Standard_HEINZ_Standard, Iceland_Standard_Multi_Standard_BRANSTON, Iceland_Standard_Multi_Standard_HEINZ_Standard, Iceland_Standard_Single_Standard_BRANSTON, Iceland_Standard_Single_Standard_HEINZ_Standard, Iceland_Standard_Single_Standard_Restofcategory"
UK,Iceland,AllRegion,Beans,AllSubCategory,HEINZ Standard,Standard,AllPackType,Standard Multi,AllPackSize,108201.83,89.33554362,48494.41,channel_Iceland,"Iceland_Small_Multi_Standard_BRANSTON, Iceland_Small_Multi_Standard_HEINZ_Standard, Iceland_Small_SNAP_POTS_Standard_HEINZ_Standard, Iceland_Small_Single_Standard_HEINZ_Standard, Iceland_Standard_Multi_Standard_BRANSTON, Iceland_Standard_Multi_Standard_HEINZ_Standard, Iceland_Standard_Single_Standard_BRANSTON, Iceland_Standard_Single_Standard_HEINZ_Standard, Iceland_Standard_Single_Standard_Restofcategory"
UK,Iceland,AllRegion,Beans,AllSubCategory,HEINZ Standard,Standard,AllPackType,Standard Multi,AllPackSize,98567.1,85.96202982,42410.51,channel_Iceland,"Iceland_Small_Multi_Standard_BRANSTON, Iceland_Small_Multi_Standard_HEINZ_Standard, Iceland_Small_SNAP_POTS_Standard_HEINZ_Standard, Iceland_Small_Single_Standard_HEINZ_Standard, Iceland_Standard_Multi_Standard_BRANSTON, Iceland_Standard_Multi_Standard_HEINZ_Standard, Iceland_Standard_Single_Standard_BRANSTON, Iceland_Standard_Single_Standard_HEINZ_Standard, Iceland_Standard_Single_Standard_Restofcategory"
UK,Iceland,AllRegion,Beans,AllSubCategory,HEINZ Standard,Standard,AllPackType,Standard Multi,AllPackSize,92266.06,87.68081321,39481.44,channel_Iceland,"Iceland_Small_Multi_Standard_BRANSTON, Iceland_Small_Multi_Standard_HEINZ_Standard, Iceland_Small_SNAP_POTS_Standard_HEINZ_Standard, Iceland_Small_Single_Standard_HEINZ_Standard, Iceland_Standard_Multi_Standard_BRANSTON, Iceland_Standard_Multi_Standard_HEINZ_Standard, Iceland_Standard_Single_Standard_BRANSTON, Iceland_Standard_Single_Standard_HEINZ_Standard, Iceland_Standard_Single_Standard_Restofcategory"
UK,Iceland,AllRegion,Beans,AllSubCategory,HEINZ Standard,Standard,AllPackType,Standard Multi,AllPackSize,89438.07,86.44633021,38346.83,channel_Iceland,"Iceland_Small_Multi_Standard_BRANSTON, Iceland_Small_Multi_Standard_HEINZ_Standard, Iceland_Small_SNAP_POTS_Standard_HEINZ_Standard, Iceland_Small_Single_Standard_HEINZ_Standard, Iceland_Standard_Multi_Standard_BRANSTON, Iceland_Standard_Multi_Standard_HEINZ_Standard, Iceland_Standard_Single_Standard_BRANSTON, Iceland_Standard_Single_Standard_HEINZ_Standard, Iceland_Standard_Single_Standard_Restofcategory"
UK,Iceland,AllRegion,Beans,AllSubCategory,HEINZ Standard,Standard,AllPackType,Standard Multi,AllPackSize,93973.08,86.13431313,40289.86,channel_Iceland,"Iceland_Small_Multi_Standard_BRANSTON, Iceland_Small_Multi_Standard_HEINZ_Standard, Iceland_Small_SNAP_POTS_Standard_HEINZ_Standard, Iceland_Small_Single_Standard_HEINZ_Standard, Iceland_Standard_Multi_Standard_BRANSTON, Iceland_Standard_Multi_Standard_HEINZ_Standard, Iceland_Standard_Single_Standard_BRANSTON, Iceland_Standard_Single_Standard_HEINZ_Standard, Iceland_Standard_Single_Standard_Restofcategory"
UK,Iceland,AllRegion,Beans,AllSubCategory,HEINZ Standard,Standard,AllPackType,Standard Multi,AllPackSize,93506.33,85.3798118,44435.71,channel_Iceland,"Iceland_Small_Multi_Standard_BRANSTON, Iceland_Small_Multi_Standard_HEINZ_Standard, Iceland_Small_SNAP_POTS_Standard_HEINZ_Standard, Iceland_Small_Single_Standard_HEINZ_Standard, Iceland_Standard_Multi_Standard_BRANSTON, Iceland_Standard_Multi_Standard_HEINZ_Standard, Iceland_Standard_Single_Standard_BRANSTON, Iceland_Standard_Single_Standard_HEINZ_Standard, Iceland_Standard_Single_Standard_Restofcategory"
UK,Iceland,AllRegion,Beans,AllSubCategory,HEINZ Standard,Standard,AllPackType,Standard Multi,AllPackSize,95690.87,88.87529368,45659.13,channel_Iceland,"Iceland_Small_Multi_Standard_BRANSTON, Iceland_Small_Multi_Standard_HEINZ_Standard, Iceland_Small_SNAP_POTS_Standard_HEINZ_Standard, Iceland_Small_Single_Standard_HEINZ_Standard, Iceland_Standard_Multi_Standard_BRANSTON, Iceland_Standard_Multi_Standard_HEINZ_Standard, Iceland_Standard_Single_Standard_BRANSTON, Iceland_Standard_Single_Standard_HEINZ_Standard, Iceland_Standard_Single_Standard_Restofcategory"
UK,Iceland,AllRegion,Beans,AllSubCategory,HEINZ Standard,Standard,AllPackType,Standard Multi,AllPackSize,91461.54,88.94118739,43363.35,channel_Iceland,"Iceland_Small_Multi_Standard_BRANSTON, Iceland_Small_Multi_Standard_HEINZ_Standard, Iceland_Small_SNAP_POTS_Standard_HEINZ_Standard, Iceland_Small_Single_Standard_HEINZ_Standard, Iceland_Standard_Multi_Standard_BRANSTON, Iceland_Standard_Multi_Standard_HEINZ_Standard, Iceland_Standard_Single_Standard_BRANSTON, Iceland_Standard_Single_Standard_HEINZ_Standard, Iceland_Standard_Single_Standard_Restofcategory"
UK,Iceland,AllRegion,Beans,AllSubCategory,HEINZ Standard,Standard,AllPackType,Standard Multi,AllPackSize,102172.55,90.97798553,48742.58,channel_Iceland,"Iceland_Small_Multi_Standard_BRANSTON, Iceland_Small_Multi_Standard_HEINZ_Standard, Iceland_Small_SNAP_POTS_Standard_HEINZ_Standard, Iceland_Small_Single_Standard_HEINZ_Standard, Iceland_Standard_Multi_Standard_BRANSTON, Iceland_Standard_Multi_Standard_HEINZ_Standard, Iceland_Standard_Single_Standard_BRANSTON, Iceland_Standard_Single_Standard_HEINZ_Standard, Iceland_Standard_Single_Standard_Restofcategory"
UK,Iceland,AllRegion,Beans,AllSubCategory,HEINZ Standard,Standard,AllPackType,Standard Multi,AllPackSize,110426.54,91.02088341,52796.3,channel_Iceland,"Iceland_Small_Multi_Standard_BRANSTON, Iceland_Small_Multi_Standard_HEINZ_Standard, Iceland_Small_SNAP_POTS_Standard_HEINZ_Standard, Iceland_Small_Single_Standard_HEINZ_Standard, Iceland_Standard_Multi_Standard_BRANSTON, Iceland_Standard_Multi_Standard_HEINZ_Standard, Iceland_Standard_Single_Standard_BRANSTON, Iceland_Standard_Single_Standard_HEINZ_Standard, Iceland_Standard_Single_Standard_Restofcategory"
UK,Iceland,AllRegion,Beans,AllSubCategory,HEINZ Standard,Standard,AllPackType,Standard Multi,AllPackSize,118020.07,91.42756662,56417.59,channel_Iceland,"Iceland_Small_Multi_Standard_BRANSTON, Iceland_Small_Multi_Standard_HEINZ_Standard, Iceland_Small_SNAP_POTS_Standard_HEINZ_Standard, Iceland_Small_Single_Standard_HEINZ_Standard, Iceland_Standard_Multi_Standard_BRANSTON, Iceland_Standard_Multi_Standard_HEINZ_Standard, Iceland_Standard_Single_Standard_BRANSTON, Iceland_Standard_Single_Standard_HEINZ_Standard, Iceland_Standard_Single_Standard_Restofcategory"
UK,Iceland,AllRegion,Beans,AllSubCategory,HEINZ Standard,Standard,AllPackType,Standard Multi,AllPackSize,101192.61,90.86584894,45514.71,channel_Iceland,"Iceland_Small_Multi_Standard_BRANSTON, Iceland_Small_Multi_Standard_HEINZ_Standard, Iceland_Small_SNAP_POTS_Standard_HEINZ_Standard, Iceland_Small_Single_Standard_HEINZ_Standard, Iceland_Standard_Multi_Standard_BRANSTON, Iceland_Standard_Multi_Standard_HEINZ_Standard, Iceland_Standard_Single_Standard_BRANSTON, Iceland_Standard_Single_Standard_HEINZ_Standard, Iceland_Standard_Single_Standard_Restofcategory"
UK,Iceland,AllRegion,Beans,AllSubCategory,HEINZ Standard,Standard,AllPackType,Standard Multi,AllPackSize,105038.37,89.88793198,49625.7,channel_Iceland,"Iceland_Small_Multi_Standard_BRANSTON, Iceland_Small_Multi_Standard_HEINZ_Standard, Iceland_Small_SNAP_POTS_Standard_HEINZ_Standard, Iceland_Small_Single_Standard_HEINZ_Standard, Iceland_Standard_Multi_Standard_BRANSTON, Iceland_Standard_Multi_Standard_HEINZ_Standard, Iceland_Standard_Single_Standard_BRANSTON, Iceland_Standard_Single_Standard_HEINZ_Standard, Iceland_Standard_Single_Standard_Restofcategory"
UK,Iceland,AllRegion,Beans,AllSubCategory,HEINZ Standard,Standard,AllPackType,Standard Multi,AllPackSize,102695.37,91.21794279,48935.14,channel_Iceland,"Iceland_Small_Multi_Standard_BRANSTON, Iceland_Small_Multi_Standard_HEINZ_Standard, Iceland_Small_SNAP_POTS_Standard_HEINZ_Standard, Iceland_Small_Single_Standard_HEINZ_Standard, Iceland_Standard_Multi_Standard_BRANSTON, Iceland_Standard_Multi_Standard_HEINZ_Standard, Iceland_Standard_Single_Standard_BRANSTON, Iceland_Standard_Single_Standard_HEINZ_Standard, Iceland_Standard_Single_Standard_Restofcategory"
UK,Iceland,AllRegion,Beans,AllSubCategory,HEINZ Standard,Standard,AllPackType,Standard Multi,AllPackSize,116531.38,89.30811984,57445.13,channel_Iceland,"Iceland_Small_Multi_Standard_BRANSTON, Iceland_Small_Multi_Standard_HEINZ_Standard, Iceland_Small_SNAP_POTS_Standard_HEINZ_Standard, Iceland_Small_Single_Standard_HEINZ_Standard, Iceland_Standard_Multi_Standard_BRANSTON, Iceland_Standard_Multi_Standard_HEINZ_Standard, Iceland_Standard_Single_Standard_BRANSTON, Iceland_Standard_Single_Standard_HEINZ_Standard, Iceland_Standard_Single_Standard_Restofcategory"
UK,Iceland,AllRegion,Beans,AllSubCategory,HEINZ Standard,Standard,AllPackType,Standard Multi,AllPackSize,111312.49,83.86147467,55635.73,channel_Iceland,"Iceland_Small_Multi_Standard_BRANSTON, Iceland_Small_Multi_Standard_HEINZ_Standard, Iceland_Small_SNAP_POTS_Standard_HEINZ_Standard, Iceland_Small_Single_Standard_HEINZ_Standard, Iceland_Standard_Multi_Standard_BRANSTON, Iceland_Standard_Multi_Standard_HEINZ_Standard, Iceland_Standard_Single_Standard_BRANSTON, Iceland_Standard_Single_Standard_HEINZ_Standard, Iceland_Standard_Single_Standard_Restofcategory"
UK,Iceland,AllRegion,Beans,AllSubCategory,HEINZ Standard,Standard,AllPackType,Standard Multi,AllPackSize,112329.67,86.36287201,55966.07,channel_Iceland,"Iceland_Small_Multi_Standard_BRANSTON, Iceland_Small_Multi_Standard_HEINZ_Standard, Iceland_Small_SNAP_POTS_Standard_HEINZ_Standard, Iceland_Small_Single_Standard_HEINZ_Standard, Iceland_Standard_Multi_Standard_BRANSTON, Iceland_Standard_Multi_Standard_HEINZ_Standard, Iceland_Standard_Single_Standard_BRANSTON, Iceland_Standard_Single_Standard_HEINZ_Standard, Iceland_Standard_Single_Standard_Restofcategory"
UK,Iceland,AllRegion,Beans,AllSubCategory,HEINZ Standard,Standard,AllPackType,Standard Multi,AllPackSize,108991.12,82.85657149,51890.77,channel_Iceland,"Iceland_Small_Multi_Standard_BRANSTON, Iceland_Small_Multi_Standard_HEINZ_Standard, Iceland_Small_SNAP_POTS_Standard_HEINZ_Standard, Iceland_Small_Single_Standard_HEINZ_Standard, Iceland_Standard_Multi_Standard_BRANSTON, Iceland_Standard_Multi_Standard_HEINZ_Standard, Iceland_Standard_Single_Standard_BRANSTON, Iceland_Standard_Single_Standard_HEINZ_Standard, Iceland_Standard_Single_Standard_Restofcategory"
UK,Iceland,AllRegion,Beans,AllSubCategory,HEINZ Standard,Standard,AllPackType,Standard Multi,AllPackSize,112064.98,84.01528307,53157.35,channel_Iceland,"Iceland_Small_Multi_Standard_BRANSTON, Iceland_Small_Multi_Standard_HEINZ_Standard, Iceland_Small_SNAP_POTS_Standard_HEINZ_Standard, Iceland_Small_Single_Standard_HEINZ_Standard, Iceland_Standard_Multi_Standard_BRANSTON, Iceland_Standard_Multi_Standard_HEINZ_Standard, Iceland_Standard_Single_Standard_BRANSTON, Iceland_Standard_Single_Standard_HEINZ_Standard, Iceland_Standard_Single_Standard_Restofcategory"
UK,Iceland,AllRegion,Beans,AllSubCategory,HEINZ Standard,Standard,AllPackType,Standard Multi,AllPackSize,100938.32,83.60722303,48553.34,channel_Iceland,"Iceland_Small_Multi_Standard_BRANSTON, Iceland_Small_Multi_Standard_HEINZ_Standard, Iceland_Small_SNAP_POTS_Standard_HEINZ_Standard, Iceland_Small_Single_Standard_HEINZ_Standard, Iceland_Standard_Multi_Standard_BRANSTON, Iceland_Standard_Multi_Standard_HEINZ_Standard, Iceland_Standard_Single_Standard_BRANSTON, Iceland_Standard_Single_Standard_HEINZ_Standard, Iceland_Standard_Single_Standard_Restofcategory"
UK,Iceland,AllRegion,Beans,AllSubCategory,HEINZ Standard,Standard,AllPackType,Standard Multi,AllPackSize,118211.75,80.90674705,55753.59,channel_Iceland,"Iceland_Small_Multi_Standard_BRANSTON, Iceland_Small_Multi_Standard_HEINZ_Standard, Iceland_Small_SNAP_POTS_Standard_HEINZ_Standard, Iceland_Small_Single_Standard_HEINZ_Standard, Iceland_Standard_Multi_Standard_BRANSTON, Iceland_Standard_Multi_Standard_HEINZ_Standard, Iceland_Standard_Single_Standard_BRANSTON, Iceland_Standard_Single_Standard_HEINZ_Standard, Iceland_Standard_Single_Standard_Restofcategory"
UK,Iceland,AllRegion,Beans,AllSubCategory,HEINZ Standard,Standard,AllPackType,Standard Multi,AllPackSize,120543.59,81.59730457,56103.02,channel_Iceland,"Iceland_Small_Multi_Standard_BRANSTON, Iceland_Small_Multi_Standard_HEINZ_Standard, Iceland_Small_SNAP_POTS_Standard_HEINZ_Standard, Iceland_Small_Single_Standard_HEINZ_Standard, Iceland_Standard_Multi_Standard_BRANSTON, Iceland_Standard_Multi_Standard_HEINZ_Standard, Iceland_Standard_Single_Standard_BRANSTON, Iceland_Standard_Single_Standard_HEINZ_Standard, Iceland_Standard_Single_Standard_Restofcategory"
